accel_x,accel_y,accel_z,gyro_x,gyro_y,gyro_z
-0.262799886906932,0.954199882777026,0.0440582397571712,-0.0760080111052799,0.608677944663293,3.66865136404222
-0.268647228428062,0.941181417943815,0.0498730324864701,-0.0740308740912114,0.608103081074525,3.67050749973722
-0.32479562816138,0.903717064401123,0.0731967808197828,-0.0799922970345841,0.597241202630055,3.67182522709683
-0.402501713380176,0.864466410311576,0.105906409120579,-0.082065143237769,0.58725697012884,3.66339608203948
-0.468786985001104,0.834609167373183,0.134981531992648,-0.0801593986978896,0.578508534260179,3.64679370801317
-0.522697823612109,0.81386453261305,0.160365679576242,-0.0742947101033194,0.571254850862161,3.62358025585189
-0.563631316549343,0.801715984375829,0.18208764907083,-0.0645955783070502,0.56565390459189,3.59526497208592
-0.591333855458154,0.797447943585672,0.200248231802899,-0.051283915320393,0.561765165158793,3.56326844044777
-0.605888903296883,0.800184521548446,0.215006902880216,-0.0346693964156891,0.559555718814639,3.5288928806187
-0.607695173888258,0.808929008874525,0.226568982635506,-0.0151380143102239,0.558909403562237,3.49329863444835
-0.59743669730833,0.822602982331405,0.23517362524108,0.00686078480927845,0.559638208185649,3.4574867504906
-0.576046383743001,0.840084097445152,0.241082859114351,0.0308280247195331,0.561495170488034,3.42228741320185
-0.544664757334351,0.860241789420604,0.244571800059242,0.0562298336285628,0.564188025678572,3.3883538492141
-0.504595521887046,0.881970226287374,0.245920081551883,0.0825124401801526,0.56739290735733,3.35616127197185
-0.457259555002047,0.904217954104558,0.245404494478082,0.109117171877471,0.570767485773151,3.32601038789343
-0.404148818584527,0.926013755250737,0.243292796871056,0.13549508385678,0.573963034759495,3.29803497151556
-0.346781533149509,0.946488318349294,0.239838638336165,0.161120836135624,0.576635042811891,3.27221301370076
-0.286659801441939,0.964891401792505,0.235277539114532,0.185505437416143,0.57845211723837,3.24838094732822
-0.225230692251579,0.980604269075876,0.229823865586283,0.208207488974811,0.579103064920755,3.22625045261478
-0.163851615190891,0.993147286628398,0.223668748353604,0.228842597118879,0.578302160815698,3.20542733572375
-0.103760636915812,1.00218270319036,0.216978892292208,0.247090678841811,0.575792728380108,3.18543195890085
-0.0460522122710526,1.00751277040398,0.209896227750636,0.262700961805587,0.571349248218884,3.16572067998846
0.00834136799207758,1.00907351060139,0.202538346925977,0.275494573244488,0.564778277596834,3.14570773789161
0.0586626774776172,1.00692458118862,0.194999658889768,0.285364717267629,0.555918501200756,3.12478700381995
0.104336026923995,1.00123581585177,0.187353181480407,0.292274549142821,0.54464024207121,3.10235301181704
0.144968686367512,0.992271131429825,0.179652869875684,0.296252960362954,0.530844742603684,3.07782069176781
0.180346776767668,0.980370567270212,0.171936362450686,0.297388581433168,0.514463482692699,3.05064325818865
0.210426283072154,0.965931264769353,0.164228007036723,0.295822382943074,0.495457740949163,3.02032776132342
0.235319758252209,0.949388194916112,0.156542017409196,0.291739303701329,0.47381853211334,2.98644788386385
0.255279387708103,0.9311954006711,0.148885603268202,0.285359353787612,0.449566976465436,2.94865366511587
0.270677161845104,0.911808442102723,0.141261919303719,0.276928629252629,0.422755082192719,2.90667795060877
0.281982957651806,0.891668621695332,0.133672691437705,0.266710635627291,0.393466855519294,2.86033949322451
0.289741354771789,0.871189433878375,0.126120401004995,0.254978253771922,0.361819600864106,2.80954276499455
0.294548006354657,0.850745536706738,0.118609938976869,0.242006600378307,0.327965237576413,2.75427466935745
0.297026350026892,0.83066439535707,0.11114967993024,0.228066944464924,0.292091442224682,2.69459846463855
0.297805381558898,0.811220606851652,0.103751966266733,0.213421748832668,0.254422425462931,2.63064531429716
0.297499126699529,0.79263279194871,0.0964330336370896,0.19832081965862,0.215219168033939,2.5626039627852
0.296688340451689,0.775062839994338,0.0892124453516523,0.182998475008169,0.174778968145057,2.49070909389071
0.295904844032129,0.758617219645751,0.0821121337367036,0.167671589049179,0.133434188219045,2.41522895906779
0.295618784400023,0.743350024007491,0.0751551677232174,0.15253833599162,0.0915501286737234,2.33645286601766
0.296228975941901,0.729267401548133,0.068364377358359,0.137777446822239,0.0495219960893514,2.25467909377744
0.298056364482556,0.716333030651983,0.0617609670365351,0.123547801195249,0.00777096981191394,2.17020375224523
0.30134054509792,0.704474320790842,0.0553632408606659,0.109988203037752,-0.0332605973226212,2.08331103498174
0.306239170485098,0.693589061400648,0.0491855470395363,0.0972172269005132,-0.073114782808977,1.99426522865536
0.312830008069179,0.68355228461984,0.0432375253951583,0.0853330674703558,-0.111324421743599,1.90330474553779
0.321115342515388,0.674223154482044,0.0375237150985835,0.0744133714611674,-0.147420061606218,1.81063834215459
0.331028375672922,0.665451738370474,0.0320435509653018,0.0645150742231883,-0.180937437121109,1.71644358267333
0.342441247456186,0.657085553259057,0.0267917486358388,0.0556742986493147,-0.211425347811259,1.62086750468121
0.355174287347851,0.648975807775291,0.0217590541332762,0.0479063983353949,-0.238453810725707,1.5240293519157
0.36900610564246,0.640983280670336,0.0169333132139251,0.0412062388457531,-0.261622349236099,1.42602515678828
0.38368414450373,0.632983786881938,0.0123008011057817,0.0355488100095982,-0.280568265183042,1.32693388787695
0.398935329316611,0.624873184945734,0.00784774353366252,0.0308902492171055,-0.294974726262979,1.22682482579381
0.414476488796261,0.616571875711871,0.00356195493360992,0.0271693324350796,-0.304578484465408,1.1257657959199
0.430024246109598,0.608028734455081,-0.000565481100250662,0.0243094586100653,-0.309177026392092,1.02383186856247
0.445304121314228,0.599224409020451,-0.00453856138343973,0.0222211172773825,-0.308634944691898,0.921114135482934
0.460058626643041,0.590173907917924,-0.00835480952715814,0.0208047918139589,-0.302889314111267,0.817728185144023
0.474054179893297,0.580928396229028,-0.0120038789144293,0.0199542151344693,-0.291953858164692,0.71382192555698
0.48708670701277,0.571576115252497,-0.0154663643447451,0.0195598638033234,-0.275921705091269,0.609582440989809
0.498985852500761,0.562242345119851,-0.0187128669292734,0.019512553177944,-0.2549665557692,0.505241614483596
0.509617764729403,0.553088339060791,-0.0217033502497831,0.0197069824091231,-0.229342121821839,0.401080299489465
0.518886472058382,0.54430917398309,-0.0243868203492581,0.0200450752975298,-0.199379738400909,0.297430878408179
0.526733913577238,0.536130484721065,-0.0267013579537407,0.02043897172619,-0.165484111163125,0.194678101020141
0.533138733826756,0.528804078592544,-0.0285745281549219,0.0208135443366214,-0.128127217997634,0.0932581497005948
0.538113992419859,0.522602462209606,-0.0299241900740745,0.0211083450344818,-0.0878404497428374,-0.00634407069676106
0.541703975386435,0.517812352743219,-0.0306597261125144,0.0212789236354287,-0.0452051368040294,-0.103599373502643
0.543980323385081,0.514727289477614,-0.030683706139407,0.0212975035223928,-0.000841666693662985,-0.197940374550908
0.545037710694916,0.513639506679943,-0.0298939953273057,0.0211530429997126,0.0446025520468039,-0.288769096191373
0.544989316122991,0.514831273285099,-0.0281863044070353,0.0208507521253832,0.0904659836355811,-0.375465934813348
0.543962320961475,0.518565946118521,-0.0254571670213705,0.0204111691622207,0.136086391527547,-0.457399807758107
0.54209364890993,0.525079018598886,-0.0216073103933338,0.0198689247391987,0.180814455105095,-0.533939271041047
0.539526128644784,0.534569473027462,-0.0165453630296235,0.0192713324176071,0.224027227659633,-0.60446437747777
0.536405212902399,0.547191758849295,-0.0101918174074072,0.0186769398200333,0.265141089885588,-0.668379024896599
0.532876331427734,0.563048719142216,-0.00248313818674606,0.0181541544694835,0.303623864014894,-0.725123525775337
0.529082892870383,0.582185771211374,0.00662412057217945,0.0177800243466266,0.33900577055608,-0.774187113025624
0.525164887394029,0.604586613725316,0.0171493498920046,0.0176392079683749,0.370888930937115,-0.815120082543869
0.521257982610646,0.630170682638797,0.0290842511102113,0.0178231171304255,0.398955144469615,-0.847545262931093
0.517492955745142,0.658792512846997,0.0423897208359182,0.0184291631629773,0.422971697230684,-0.871168498320946
0.513995269903285,0.690243085126927,0.0569934439666544,0.0195599911324249,0.442794995037602,-0.885787833737637
0.510884586347957,0.724253152771356,0.0727883703675223,0.0213225523556539,0.458371854729529,-0.89130110610465
0.508274010993479,0.760498454708219,0.0896322252868387,0.0238268494539735,0.469738339510561,-0.887711669965958
0.506268902823154,0.79860663778154,0.107348165795512,0.0271841938168219,0.477016086482059,-0.875132026571094
0.504965122921718,0.838165636261997,0.125726647385931,0.0315048443136332,0.480406148024479,-0.853785178688728
0.504446671399244,0.878733196815679,0.144528509415371,0.0368949472872892,0.480180452581401,-0.824003600646705
0.504782739691012,0.919847195931109,0.163489229065288,0.0434527674792046,0.476671082505689,-0.786225791663086
0.506024289835548,0.961036376329936,0.182324234887393,0.0512642812969424,0.47025766325965,-0.74099046726667
0.50820035192583,1.00183112930121,0.200735116649201,0.0603982895629926,0.461353254225441,-0.68892853408712
0.511314297815518,1.04177396940714,0.218416521491942,0.070901287373343,0.450389220213182,-0.630753082240775
0.515340395873509,1.08042938332056,0.235063490255346,0.0827923947818813,0.43779963711125,-0.567247711190831
0.520220972636995,1.1173927812915,0.250378964335421,0.0960586956912601,0.42400583753362,-0.4992535735765
0.525864499377412,1.15229833318994,0.264081184012137,0.110651347705298,0.409401726277485,-0.427655571886172
0.532144884647942,1.18482552648877,0.275910704535352,0.12648280981946,0.394340486386536,-0.353368170848494
0.53890219073959,1.21470433697164,0.285636776103363,0.143425487983605,0.379123252609664,-0.277321291386016
0.54594490815154,1.2417189515552,0.293062866960483,0.161312024248546,0.363990250779579,-0.200446729129075
0.55305382558356,1.26571002461788,0.298031153144295,0.179937359621782,0.349114792652112,-0.123665493069282
0.559987431561019,1.28657548442348,0.300425851080086,0.199062592077053,0.334600382217264,-0.0478763911719612
0.566488685217573,1.30426993532516,0.300175326643995,0.218420538551832,0.320481039703641,0.0260538953980086
0.572292904958175,1.31880272575636,0.29725297213154,0.237722802376465,0.306724793010391,0.0972991031707726
0.577136450547026,1.33023477333559,0.291676896647068,0.256668053623434,0.293240133060837,0.165079994847539
0.58076582118003,1.33867425846458,0.283508522204038,0.274951155936252,0.279885089130824,0.228669332870363
0.582946762323144,1.34427131794255,0.272850214397165,0.292272724002349,0.266478460965229,0.287395350389634
0.583472968725135,1.34721189092129,0.259842101087371,0.308348673216086,0.252812653074323,0.340643920876203
0.582173988918931,1.34771089074498,0.244658244120519,0.322919327272017,0.238667497330786,0.387859676607194
0.578921975422275,1.34600489674248,0.227502327980721,0.335757678513484,0.223824424683083,0.428546352980561
0.573636981214506,1.34234457832962,0.2086030172208,0.346676446372755,0.208080354829854,0.462266639719179
0.566290572472096,1.3369870780561,0.188209114308111,0.35553364664688,0.191260711257251,0.488641802977712
0.556907605509405,1.33018858848407,0.166584624775634,0.362236463549532,0.173231033594236,0.507351307211633
0.545566097720541,1.32219735820786,0.144003811252266,0.366743302215363,0.153906744077238,0.51813261664376
0.532395203469444,1.31324735348824,0.120746295638702,0.369063986568097,0.133260723712119,0.520781298236449
0.517571382475262,1.30355278294323,0.0970922523630332,0.369258151631837,0.111328460118521,0.515151486454001
0.501312917213988,1.29330366329808,0.0733177274384698,0.367431956554341,0.0882106371198678,0.501156709750225
0.483872994767174,1.28266256498951,0.0496901185565052,0.363733311672818,0.0640731408647885,0.478771023954385
0.465531616000192,1.27176262871694,0.0264638601709749,0.358345867556309,0.0391445548184323,0.448030351901689
0.446586630170199,1.26070688976292,0.00387637232317191,0.3514820545734,0.0137113037916256,0.409033893980754
0.427344215775878,1.2495688886306,-0.017855650924246,0.343375487343867,-0.011889316390379,0.361945451837509
0.408109139157836,1.23839448716533,-0.0385395223996415,0.334273059225174,-0.0372779232037276,0.306994497325613
0.389175121994964,1.22720475217498,-0.0580093118567217,0.324427048098851,-0.0620432952433424,0.244476820061923
0.370815638454139,1.21599971723898,-0.0761279647123628,0.314087537028377,-0.0857536973776992,0.174754598035278
0.353275443407063,1.20476279131923,-0.0927886996453827,0.303495423206537,-0.107968876463978,0.0982557545696914
0.336763106150635,1.19346555299035,-0.107915616838763,0.292876247769711,-0.128252315795002,0.0154724892993358
0.32144479048869,1.18207265420157,-0.121463479982699,0.282435029698222,-0.146183346921932,-0.0730411015846066
0.307439482730394,1.17054655925775,-0.133416673590328,0.27235223166525,-0.161368742565287,-0.166672371776719
0.294815825057946,1.15885186363929,-0.143787379225769,0.262780927128358,-0.173453452166511,-0.264754465702209
0.283590663309185,1.14695897258262,-0.152613055865017,0.253845179097498,-0.182130189758277,-0.366571654940086
0.273729366078644,1.13484696889612,-0.159953346736899,0.245639584787064,-0.187147639308293,-0.471365647191151
0.265147916903655,1.12250555992797,-0.165886564035182,0.238229889550266,-0.188317102318032,-0.578342822937808
0.257716724073131,1.10993606054962,-0.170505920945193,0.231654530600392,-0.185517472967262,-0.686682335145718
0.251266034571978,1.09715143746028,-0.173915685901244,0.225926938110415,-0.178698484397871,-0.795544988936989
0.24559278159511,1.08417550484167,-0.176227426629949,0.2210383998438,-0.167882223143745,-0.904082800379146
0.24046864105023,1.07104141733286,-0.177556492271389,0.216961286321491,-0.153162955134802,-1.01144911574444
0.235649024018202,1.0577896490771,-0.178018853141115,0.213652436732213,-0.134705344747099,-1.11680915443586
0.230882691764752,1.04446567401641,-0.17772838244951,0.211056520623514,-0.112741177434809,-1.21935082027564
0.225921650103365,1.03111757078517,-0.176794626052164,0.209109215405506,-0.0875647167379803,-1.31829560747898
0.220530962908888,1.01779376513717,-0.175321068876052,0.207740072729841,-0.0595268388318263,-1.41290941028296
0.214498121686303,1.00454109525749,-0.173403873262563,0.206874985220426,-0.0290280938484202,-1.50251303007643
0.207641620278974,0.991403343368328,-0.171131038108495,0.20643820582243,0.00348915489049191,-1.58649216236871
0.199818411235503,0.978420324624788,-0.168581910409672,0.206353912056743,0.037549362328787,-1.66430663944038
0.190929962165571,0.965627566264427,-0.165826973106348,0.20654734372097,0.0726530513645916,-1.73549870431296
0.180926685227738,0.953056551453393,-0.162927834471329,0.206945572526108,0.108286524651114,-1.79970009879346
0.169810578441356,0.940735448319061,-0.159937353074722,0.207477983965374,0.143931875273974,-1.85663776351329
0.157635990556883,0.928690200018683,-0.156899846167682,0.208076564373956,0.179077122690434,-1.9061379713844
0.144508497907078,0.916945820063498,-0.15385134579294,0.208676089487972,0.213226287640221,-1.94812874752299
0.130581957612933,0.90552772098052,-0.150819883579337,0.209214305427933,0.245909206203061,-1.98264046765406
0.11605387258218,0.89446290473929,-0.147825799709224,0.209632180129624,0.276690870561625,-2.00980457199446
0.101159266637799,0.883780859447348,-0.144882082445129,0.20987428453256,0.305180074460452,-2.0298503809268
0.0861633203643848,0.873514036472449,-0.141994751107415,0.20988934033638,0.331037137247821,-2.04310005051001
0.0713530580122487,0.863697822274978,-0.139163297392448,0.209630946968756,0.353980484163206,-2.04996175803041
0.0570284018268124,0.854369965966277,-0.1363811980575,0.209058476571835,0.373791874173233,-2.05092125834647
0.0434929217740408,0.845569472768626,-0.133636507344164,0.208138104008199,0.390320091359411,-2.04653199869645
0.0310446059211991,0.837335021013077,-0.130912531231761,0.20684392041055,0.403482951845198,-2.03740402096507
0.0199669606319632,0.829703002288862,-0.128188578986792,0.205159064516083,0.413267524751174,-2.02419191436698
0.0105207216809112,0.822705317782285,-0.125440781523074,0.203076796407459,0.419728521060115,-2.00758210660553
0.00293641940571017,0.816367086535222,-0.122642961233537,0.200601433501511,0.422984866313363,-1.98827979669947
-0.00259200452404905,0.810704432200931,-0.119767534250102,0.197749068672656,0.423214539131931,-1.96699583721652
-0.0059123814218635,0.805722513627074,-0.116786423953768,0.194547995116914,0.420647824733309,-1.94443386754526
-0.00691820552934665,0.801413951726093,-0.113671964948447,0.191038771628654,0.415559197476553,-1.92127798357912
-0.00555118488030855,0.797757781862655,-0.110397780312315,0.18727387485303,0.408258104999628,-1.89818120379566
-0.0018024559624725,0.794719029475145,-0.106939621249827,0.183316901135187,0.399078974431825,-1.87575495863378
0.0042874920270079,0.792248969594421,-0.10327616565636,0.179241299178996,0.3883707947431,-1.85455979109376
0.0126301001332685,0.790286091264845,-0.0993897784603385,0.17512863535775,0.376486646136038,-1.83509741365326
0.0230911150535147,0.788757748312064,-0.0952672405298145,0.171066415757249,0.363773546490049,-1.8178042220148
0.0354939168554551,0.787582440668847,-0.0909004542649523,0.167145512322876,0.350562966169612,-1.80304632185123
0.0496236402292312,0.786672637378353,-0.0862871326828858,0.163457264029649,0.33716232670848,-1.79111608232275
0.0652319190683807,0.785938025042851,-0.0814314744160732,0.160090346787263,0.323847747758651,-1.78223019114224
0.0820420802376308,0.785289045049675,-0.0763448195242463,0.157127526679155,0.31085824338292,-1.7765291515175
0.0997546158919338,0.784640569875673,-0.0710462710573107,0.154642428861801,0.298391497556046,-1.7740781321998
0.118052773967076,0.783915563069074,-0.0655632562747347,0.152696467654064,0.286601274297241,-1.77486905849117
0.136608122630117,0.78304856861459,-0.0599319911934393,0.151336090583383,0.275596444548764,-1.77882381434114
0.155085965891469,0.781988882632864,-0.0541978044212593,0.150590489022109,0.265441543542161,-1.78579841321598
0.17315051319916,0.780703273185334,-0.0484152720647406,0.150469919371057,0.256158712252316,-1.79558798774235
0.190469734360238,0.779178131694143,-0.0426481157061068,0.150964760780522,0.247730827331655,-1.80793244470058
0.206719861021913,0.777420961413444,-0.0369688203526723,0.15204540794585,0.240105587369263,-1.82252263229623
0.221589525198785,0.775461133981489,-0.0314579384775861,0.153663061040912,0.233200300084659,-1.83900687036675
0.234783551935234,0.773349873814636,-0.0262030590106606,0.155751430573366,0.22690710497269,-1.85699770099322
0.246026444953876,0.771159461244321,-0.0212974352141593,0.158229324846082,0.221098368196051,-1.87607872668295
0.255065619108515,0.76898167790204,-0.0168382817742857,0.161004034463532,0.215631999783303,-1.8958114156502
0.26167444012794,0.766925550632615,-0.012924768120843,0.163975375139146,0.210356465454768,-1.91574176842713
0.265655129551887,0.765114481677405,-0.00965575081115328,0.167040200491489,0.205115294394683,-1.9354067566101
0.266841580662444,0.763682881276858,-0.00712730194064203,0.170097154231126,0.199750917827101,-1.95434046232362
0.265102110109036,0.762772442214587,-0.00543010240469263,0.173051399655539,0.194107709488874,-1.97207986509142
0.260342141055488,0.76252821219084,-0.00464677808575361,0.175819046769837,0.188034136615217,-1.9881702401752
0.252506779188593,0.763094627448765,-0.00484926355474271,0.178330996002075,0.181383967952921,-2.00217014789379
0.241583205944214,0.76461166844491,-0.00609628190940439,0.180535933780391,0.174016523181977,-2.01365600581599
0.227602777383032,0.767211285005351,-0.00843103108868975,0.182402249419712,0.1657959859157,-2.02222624405808
0.210642686169448,0.771014214709433,-0.0118791663306085,0.183918693792296,0.156589840276718,-2.02750504756489
0.190827021675568,0.776127285564423,-0.0164471650971373,0.185093665818918,0.146266529010407,-2.02914568799628
0.168327052179689,0.782641254731938,-0.0221211544181205,0.185953089432056,0.134692469258893,-2.02683344196297
0.143360555739121,0.790629192386866,-0.0288662707601421,0.186536926864998,0.121728600403053,-2.02028808266182
0.116190044133197,0.800145377577547,-0.0366266089208032,0.186894458740989,0.107226676406334,-2.00926591976436
0.0871197577746504,0.811224635279062,-0.0453257991910041,0.187078541949669,0.0910255518935431,-1.99356134946555
0.0564913578501369,0.823882014603773,-0.0548682314078563,0.187139127237241,0.0729477449935497,-1.97300786494056
0.0246783027315308,0.838112690513939,-0.0651409212588143,0.187116374830368,0.0527965880109176,-1.94747846915619
-0.00792103512010116,0.853891967513524,-0.0760159889493771,0.187033744213661,0.0303542955510593,-1.91688542884572
-0.0408913833023686,0.871175274487745,-0.0873536936243088,0.186891450641093,0.00538128464095622,-1.88117931179676
-0.0738095166332453,0.889898064405507,-0.0990059393117163,0.186660674933668,-0.0223829312255531,-1.84034726013843
-0.106253877575995,0.909975568825824,-0.110820140723833,0.186278885179304,-0.0532169852923989,-1.79441047014904
-0.137814560905997,0.931302401390866,-0.122643311757483,0.185646581361799,-0.0874128045297649,-1.74342087374355
-0.168103320084484,0.953752052221297,-0.134326217980878,0.184625710378097,-0.125268504989777,-1.68745704719411
-0.196763237261326,0.977176361329784,-0.14572741872401,0.183039924045243,-0.167078979746838,-1.62661940730318
-0.223477702102998,1.00140509885138,-0.156717016104397,0.180676771754394,-0.213124241961383,-1.5610247924408
-0.247978366108217,1.02624580864911,-0.167179928642443,0.177291837559252,-0.263655717766187,-1.4908005637499
-0.270051776984879,1.05148408627751,-0.177018516875479,0.172614753273041,-0.318880823071085,-1.41607839863296
-0.289544448922716,1.07688446051259,-0.186154407973784,0.166356948132408,-0.378946297124759,-1.33698798272638
-0.306366185448262,1.10219202935826,-0.194529395803411,0.158220933958976,-0.443920895195546,-1.25365083652052
-0.320491537932461,1.1271349678895,-0.202105331814793,0.147910873238726,-0.513778154378489,-1.16617453739396
-0.331959350553259,1.15142797919248,-0.208862969821312,0.135144135523127,-0.588380032127359,-1.07464761603307
-0.340870408017672,1.17477670470179,-0.214799782402438,0.119663513373939,-0.66746226946802,-0.97913541689176
-0.347383262894231,1.19688305068486,-0.219926826005333,0.101249740502915,-0.750622344124021,-0.879677214215556
-0.351708373127189,1.21745132787213,-0.224264792884772,0.079733929578796,-0.837310848739272,-0.776284866562775
-0.354100726595652,1.23619504537836,-0.227839447049847,0.0550095237486534,-0.926827053930183,-0.668943271626071
-0.354851168826516,1.25284415165894,-0.230676694314337,0.0270433337210348,-1.01831929569501,-0.557612846978366
-0.354276682845428,1.26715247705796,-0.232797578891618,-0.00411478770310059,-1.11079066519223,-0.442234208456352
-0.352709897516439,1.27890510633337,-0.234213526396493,-0.0383240966949437,-1.20311028185138,-0.322735143853436
-0.350488123377447,1.28792539624327,-0.234922161740735,-0.0753474034321265,-1.29403020590897,-0.19903988390604
-0.347942233087762,1.29408135288702,-0.234904017195604,-0.114848269159931,-1.38220780314422,-0.0710805552886816
-0.345385716484246,1.29729109537782,-0.234120409625453,-0.156391380435716,-1.46623312344977,0.0611894361208243
-0.343104246528682,1.29752715539312,-0.232512707079953,-0.199446463289894,-1.54466060745235,0.197780493742773
-0.341346090154709,1.29481939480033,-0.230003126152704,-0.243396002277058,-1.61604420398244,0.338650948160396
-0.340313685192621,1.28925636440587,-0.226497107433278,-0.287546892858679,-1.67897477847072,0.483690911084436
-0.34015667938894,1.28098497445849,-0.221887213326232,-0.33114598043484,-1.73211853069977,0.632706700703234
-0.340966688687923,1.27020840051432,-0.216058388196523,-0.373399230462067,-1.7742550309376,0.785406766132572
-0.342773979433332,1.2571822053697,-0.208894323384933,-0.413494041568723,-1.80431343545372,0.941390079754107
-0.345546214418545,1.24220871781843,-0.200284587172291,-0.450623972789877,-1.82140546210431,1.10013794303245
-0.349189328337283,1.22562977079044,-0.190132119299322,-0.484014926888362,-1.82485379692991,1.26101005542791
-0.353550518155483,1.2078179635471,-0.178360656485246,-0.512951637068031,-1.81421476242913,1.42324552508249
-0.35842325306256,1.18916667357071,-0.164921652537205,-0.53680316770851,-1.78929430189563,1.58596925943636
-0.363554132117546,1.17007910200814,-0.149800283816577,-0.555046082297425,-1.75015661205401,1.74820387723
-0.368651350217971,1.15095668999183,-0.13302018490325,-0.567283969427786,-1.69712507411785,1.90888695118218
-0.373394477830864,1.13218728925429,-0.11464663534626,-0.573262158416658,-1.63077547376936,2.06689304925648
-0.377445218568427,1.11413350580067,-0.0947880102575629,-0.572876697582739,-1.5519218435214,2.22105972087909
-0.380458781092529,1.09712165613244,-0.0735954086886983,-0.566176997385324,-1.46159558562803,2.37021630125431
-0.382095486914686,1.08143177782029,-0.0512604773361131,-0.553361933928555,-1.36101881998538,2.51321420664164
-0.382032232267341,1.06728911708593,-0.0280115457882018,-0.534769633636029,-1.25157313131622,2.64895728383388
-0.379973429258405,1.05485747373634,-0.0041082763639611,-0.510861579613632,-1.13476504896823,2.7764307669101
-0.375661067969551,1.04423471790233,0.0201648987867573,-0.482202055466591,-1.01218967142279,2.89472748264099
-0.368883566670999,1.03545070476371,0.0445062315662572,-0.449434237581158,-0.885493842669966,3.00307012243829
-0.359483112274477,1.02846770614771,0.0686046538160403,-0.413254434251616,-0.756340202178045,3.10082864570153
-0.347361238242379,1.02318335729782,0.0921479608708216,-0.374386032728145,-0.6263732740439,3.18753217420306
-0.332482443382886,1.01943599106309,0.114830843922897,-0.3335546495658,-0.497188549520021,3.26287505526776
-0.31487572254206,1.0170121095206,0.136362466119158,-0.291465795319452,-0.370305270139517,3.32671708935883
-0.294633957904272,1.01565563426374,0.156473325749604,-0.248786083558444,-0.247143357879147,3.37907821474245
-0.271911204908942,1.01507849020021,0.174921208455352,-0.206128667605272,-0.129004685773834,3.42012820200609
-0.246917995288116,1.01497202087985,0.191496093758864,-0.164043212966476,-0.0170586561712854,3.45017212288104
-0.219914865891136,1.01501871046909,0.206023944218722,-0.12301034666516,0.0876681310246077,3.4696325140163
-0.191204399391675,1.01490369958113,0.218369363302092,-0.0834402006250758,0.184298472344752,3.47902925361819
-0.161122125111898,1.01432562688091,0.228437156756224,-0.0456744116429533,0.272107850809411,3.47895820653298
-0.130026669646608,1.01300640011984,0.236172869491975,-0.00999077218876436,0.350524887667804,3.47006967288172
-0.0982895641672991,1.01069959092998,0.241562394699112,0.0233903498352573,0.419129411296163,3.45304760014828
-0.066285107681736,1.00719724778118,0.244630764598399,0.0542986928713625,0.477648557666491,3.42859039415065
-0.0343806549847037,1.00233502146675,0.245440234521561,0.0826066701461086,0.5259512571533,3.39739399845398
-0.00292764852689562,0.995995589025216,0.24408776643642,0.108222470039278,0.564041396143536,3.36013771494779
0.0277463498886606,0.988110438810547,0.240702007694046,0.131084161562194,0.592049879159933,3.3174730233426
0.0573444432598054,0.978660137564019,0.235439848665046,0.151155095682552,0.610225765562554,3.27001543886829
0.0856058887740992,0.96767323809686,0.228482631754535,0.168420719259945,0.618926618888045,3.21833924089593
0.11231025165616,0.955224003840551,0.220032075345802,0.182886766849158,0.618608187979258,3.16297472550011
0.13728024349291,0.941429126221967,0.21030597006804,0.194578674986022,0.609813535947322,3.10440749516904
0.160383313114254,0.926443596536989,0.199533701741228,0.20354197688131,0.593161742307074,3.04307920871031
0.181532091487002,0.910455871153226,0.187951655324171,0.209843381576821,0.569336320668133,2.9793891792747
0.200683810767024,0.893682443251665,0.175798557184769,0.213572216694767,0.539073514060338,2.91369622878255
0.217838823277039,0.8763619111086,0.163310818368163,0.214841912800259,0.503150647500851,2.84632027844743
0.233038341212146,0.858748616272697,0.150717947943655,0.213791224886496,0.462374728614684,2.77754326884254
0.246361505924046,0.84110591769474,0.138238111775123,0.210584918121511,0.417571488794132,2.70760914701659
0.257921880348392,0.823699171315304,0.126073917136444,0.205413687450179,0.36957504741751,2.63672281851869
0.267863442668189,0.806788498950075,0.114408506756747,0.19849313171884,0.319218359103265,2.56504812416027
0.27635614655537,0.790621454221825,0.103402046695187,0.190061661219632,0.267324569133022,2.4927050509627
0.283591105284861,0.775425724123883,0.0931886907502065,0.180377281671984,0.214699356458245,2.41976651191519
0.289775454973035,0.761402038979058,0.0838740999169328,0.16971326608879,0.162124289623248,2.34625512056966
0.295126956503303,0.748717496844785,0.0755335888907532,0.158352796442204,0.110351161953314,2.27214043813464
0.299868405894318,0.73749953647437,0.0682109630888978,0.146582726464216,0.0600972127201826,2.19733718021857
0.304221937978257,0.72783081181586,0.0619180995641182,0.134686681534568,0.0120410855329709,2.12170483885101
0.308403326514631,0.719745227418503,0.0566353140106196,0.122937767333151,-0.033180671018004,2.04504910719774
0.312616403383012,0.713225385373076,0.0523125436364135,0.111591201786264,-0.0749767874760149,1.96712539639385
0.317047737958211,0.708201668793877,0.0488713612650871,0.100877211375053,-0.112804382953526,1.88764461489561
0.32186173254524,0.704553143914991,0.046207818666503,0.090994540584747,-0.146172232342261,1.80628125042994
0.32719629854611,0.702110403636629,0.0441960959754456,0.0821049108723567,-0.17464439240361,1.7226836628214
0.333159278425765,0.700660402425845,0.0426929089082308,0.0743287331214655,-0.197844333647866,1.63648637176875
0.33982576861114,0.69995324958782,0.0415425965331805,0.0677423266123621,-0.215459650396157,1.54732401464578
0.347236476746969,0.699710839575501,0.0405827805686604,0.0623768307365129,-0.227247331254622,1.45484656130316
0.355397212673219,0.699637109014525,0.0396504541954821,0.0582189166182994,-0.233039472970372,1.35873530912631
0.364279566656946,0.699429625217759,0.0385883261576821,0.055213318635328,-0.232749220278424,1.25871914350824
0.373822772514185,0.698792134542027,0.0372512168653595,0.0532671149488712,-0.226376621669632,1.15459053561213
0.38393669048088,0.69744763476799,0.035512280064362,0.0522555959461091,-0.214014014819235,1.0462207583772
0.3945057791444,0.695151486966024,0.0332688093642436,0.0520294741917646,-0.195850503713569,0.933573829589529
0.405393862669215,0.691704051524591,0.0304473862455419,0.0524231131648633,-0.172175068658502,0.816718733366282
0.416449445226532,0.686962321660725,0.0270081371310336,0.0532633886502428,-0.14337786434287,0.69583952441157
0.427511285153188,0.680850036528616,0.0229478923809464,0.0543787499741251,-0.109949311028935,0.571242979095029
0.438413922413386,0.67336578514421,0.0183020789657574,0.0556080219256076,-0.0724766676300192,0.443363520653328
0.448992858560298,0.664588661390128,0.0131452288037199,0.0568084854260288,-0.0316378876367807,0.312765210309668
0.459089120286883,0.65468109882645,0.00759004274823756,0.0578627983744576,0.0118073085608677,0.180140660366114
0.468552994957582,0.643888601078117,0.00178501164779595,0.0586843691027144,0.0570290687632204,0.0463067886181112
0.477246805844901,0.632536187814089,-0.0040893441179072,0.0592208734411286,0.103141534169565,-0.0878026044092473
0.485046690436143,0.621021495607731,-0.00982550109982309,0.0594557103926526,0.1492191095654,-0.221147392726428
0.491843449702908,0.609804604035283,-0.0151950647975114,0.0594073162974038,0.194314429270277,-0.352594713479548
0.497542640056056,0.599394796257248,-0.0199558128010998,0.0591263960979089,0.237477497479534,-0.480935423617755
0.502064171424959,0.590334605287098,-0.0238594314719216,0.0586912735226376,0.277775446232947,-0.60490320134084
0.505341742721914,0.58318163636695,-0.0266597149196852,0.0582016985033425,0.31431235641623,-0.723196008762773
0.507322479120633,0.578488785372983,-0.0281209888506873,0.0577715677184574,0.346248623482905,-0.834499571328695
0.507967126333851,0.576783584879965,-0.0280265209397492,0.0575211007095381,0.372819412459001,-0.937512467829636
0.507251101630288,0.57854749498722,-0.026186681287128,0.0575690589597124,0.393351825500876,-1.03097236267894
0.505166600759946,0.584196007075186,-0.0224466191674903,0.0580255910940192,0.407280487196625,-1.11368285059185
0.5017258206858,0.594060438164589,-0.0166932246487891,0.0589862308074784,0.414161325202581,-1.18454032526434
0.496965191534443,0.608372256229046,-0.00886114618913435,0.0605274674691806,0.413683375716649,-1.24256023173909
0.4909503337023,0.627250690017872,0.00106235983518593,0.0627041605200853,0.405678467198805,-1.28690202182901
0.483781286929466,0.650694241754988,0.0130339609571088,0.0655488910087853,0.390128628897094,-1.31689210912391
0.475597418076336,0.67857654296568,0.0269523548685689,0.0690731543167684,0.367171035940203,-1.33204412084927
0.466581322833154,0.710646782884736,0.0426581110623864,0.0732701172006659,0.337100248631289,-1.33207577361089
0.45696100953973,0.746534709890267,0.0599353640524117,0.0781185098441799,0.300367443980486,-1.3169217625665
0.447009701128028,0.785759976299861,0.0785154177559996,0.0835871175179705,0.257576290065483,-1.28674214990395
0.437042716827496,0.827745383846977,0.0980822541489908,0.0896392897590131,0.209475097303827,-1.24192586650524
0.42741109317605,0.871833408252623,0.118279865839652,0.0962369039063687,0.156944911789335,-1.18308909473675
0.418491859667746,0.917305250207201,0.13872125514782,0.103343302547802,0.10098330585977,-1.11106847180187
0.410675175375699,0.963401585513614,0.158998865379562,0.110924861167577,0.0426837742476448,-1.0269092312816
0.404348830700209,1.00934417135502,0.17869613721335,0.118951016645766,-0.0167891430290056,-0.931848573817419
0.399880892234402,1.05435750385804,0.197399817781592,0.127392778495051,-0.0762286289818139,-0.827294715405586
0.397601489863843,1.09768980316075,0.214712594615337,0.136219930475053,-0.134417577590481,-0.71480219444654
0.397784889981811,1.13863271067603,0.230265583481515,0.145397289440402,-0.190162837698498,-0.596044120430083
0.400633050543173,1.17653920224063,0.243730171021336,0.154880503848988,-0.242330484187147,-0.472782115258492
0.406261805138719,1.21083933471374,0.254828703215462,0.164611935110011,-0.289880678960534,-0.346834733370416
0.414690677285865,1.24105354042616,0.263343523101824,0.174517166635614,-0.331900556761504,-0.220045152393262
0.425837095524261,1.26680325719231,0.269123900165247,0.184502630646182,-0.367633542900508,-0.0942489071345451
0.439515485899388,1.28781873126108,0.272090462942988,0.194454739884565,-0.396503591357848,0.0287575979597279
0.455441388171588,1.30394386234859,0.272236847622275,0.204240773063151,-0.418133022536688,0.147247113922848
0.473240405046865,1.31513798385625,0.269628407361499,0.21371160410884,-0.432352930467971,0.259589486652515
0.492461478642778,1.32147449966091,0.264397984030599,0.222706201613047,-0.439205500836557,0.364276955087459
0.512593720581511,1.32313634280019,0.256738915728464,0.231057670817051,-0.438938008084948,0.459946327118694
0.533085821534908,1.32040828895292,0.246895625487327,0.238600478261411,-0.431988711511146,0.545397633749689
0.553366945632794,1.31366625191389,0.235152292818117,0.245178398307236,-0.418965313812956,0.619608951623395
0.572867979167102,1.30336380672127,0.22182023403093,0.250652657309584,-0.400617048516365,0.681747181989703
0.591042047458295,1.29001632061886,0.207224695867815,0.254909728291848,-0.377801796278333,0.731174679624762
0.607383327310119,1.27418321022478,0.191691790818053,0.257868246486799,-0.351449871548019,0.767451735758643
0.621443349124499,1.25644897014046,0.175536268595611,0.259484571244688,-0.322526255963157,0.790335030844114
0.632844184292492,1.23740371829105,0.159050730360037,0.259756607321366,-0.291993077505302,0.799772280984423
0.641288131074061,1.21762406313436,0.142496760316871,0.258725611238046,-0.260774048112839,0.795893400490748
0.646563728742949,1.19765510784949,0.126098288143124,0.256475837598703,-0.229722388667374,0.778998587095907
0.648548130533673,1.17799436240026,0.110037322872973,0.253132016522666,-0.199593507378846,0.749543801627612
0.647206039215963,1.15907823749788,0.0944520324577227,0.248854787143794,-0.171023378781169,0.708124157915773
0.642585547513932,1.14127165178456,0.0794369986533164,0.243834334455929,-0.144513221383904,0.655455760785112
0.634811325353125,1.12486110643312,0.0650453655109538,0.238282579818405,-0.120420718015707,0.592356531405314
0.624075657134424,1.1100513841695,0.0512925276701716,0.232424353030032,-0.0989576872760274,0.519726542724236
0.610627858109263,1.09696582814063,0.0381609727215428,0.226488021965857,-0.0801938164678369,0.438528356720848
0.594762595000666,1.08564996521582,0.0256058960779469,0.220696072566845,-0.0640658199071571,0.349767813494032
0.576807609246878,1.07607807140853,0.0135612389934431,0.215256117987066,-0.0503911999780251,0.254475673076128
0.557111298982545,1.06816214437433,0.00194585063090724,0.210352773527634,-0.038885664783287,0.153690456897876
0.536030564983571,1.06176265616145,-0.00933046669599666,0.206140768002537,-0.0291831940461695,0.0484427787189571
0.513919272077132,1.05670041181239,-0.0203612124185033,0.202739578145523,-0.0208577384500514,-0.0602586045503544
0.491117625332246,1.0527688356323,-0.0312378755623085,0.200229777201025,-0.0134455784346979,-0.171438853026377
0.46794271200461,1.04974604350995,-0.0420451489209959,0.198651188848697,-0.00646744660440128,-0.284167108950265
0.444680416169868,1.04740613067239,-0.0528567358871618,0.198002839694416,0.000550376887824486,-0.397564524881721
0.421578872226872,1.04552920194578,-0.0637318004952348,0.198244613548793,0.00805666378416191,-0.510810277543697
0.398843583985887,1.04390978739296,-0.0747121034084902,0.199300433302955,0.016458067481662,-0.62314565258265
0.376634295839139,1.04236341132034,-0.0858198625437855,0.201062734774408,0.0261045836815755,-0.733876344128563
0.355063659715629,1.0407312087111,-0.0970563725819429,0.203397953407884,0.0372779108241037,-0.842373164812314
0.334197695072685,1.03888260246779,-0.10840140933568,0.206152719781616,0.0501828555771179,-0.94807140402312
0.3140579888112,1.03671616092506,-0.119813431006762,0.209160452842811,0.0649418167213208,-1.0504691021524
0.294625528356251,1.03415884289578,-0.131230568228761,0.212248048986989,0.0815922829359557,-1.14912452443536
0.275846005981589,1.03116390360801,-0.142572369274412,0.215242388059456,0.100087197464336,-1.24365311869097
0.257636378322229,1.02770777755587,-0.153742237817729,0.217976411188946,0.120297975688076,-1.33372422674124
0.239892415114712,1.02378627341673,-0.164630470826731,0.220294566973592,0.142019909791772,-1.41905779064351
0.222496928965536,1.01941041312828,-0.175117776616746,0.222057468886074,0.164979656969456,-1.4994212542491
0.205328346577245,1.01460222453726,-0.185079130695725,0.22314565502159,0.188844482667529,-1.5746268110509
0.188269264033594,1.00939075819689,-0.194387812162627,0.223462388979012,0.213232916603172,-1.64452909448008
0.171214626416567,1.00380854795537,-0.202919457720869,0.222935485641823,0.237726475063912,-1.70902335073381
0.154079186042318,0.997888676374798,-0.210555974522042,0.221518186233869,0.261882106584728,-1.76804408078071
0.136803923818234,0.991662544194991,-0.217189166683669,0.219189142009349,0.285245027866587,-1.82156409093856
0.119361163415365,0.98515838222505,-0.222723952141988,0.215951594441756,0.307361631182924,-1.86959385321715
0.10175816574555,0.978400488020477,-0.227081074492757,0.211831861313424,0.327792162037495,-1.91218104946568
0.0840390585604484,0.971409121636214,-0.2301992460946,0.20687725250736,0.346122885078359,-1.94941015825146
0.0662850292617203,0.964200956925089,-0.232036691163951,0.201153546711359,0.361977476064987,-1.98140194032112
0.0486127846217586,0.95678995848157,-0.232572087981024,0.194742161116421,0.375027397351352,-2.00831268658675
0.0311713556702084,0.949188539817377,-0.231804935163184,0.187737141278669,0.38500103392927,-2.03033311028794
0.0141373961420701,0.94140885533215,-0.229755386539381,0.180242088600831,0.391691387329932,-2.04768679030504
-0.00229081453908665,0.933464085981393,-0.226463611382363,0.172367129492428,0.394962146852184,-2.06062810324039
-0.0179004006362503,0.925369594717045,-0.221988741559303,0.164226014353538,0.394751983148009,-2.06943961542945
-0.0324716494080791,0.917143850786128,-0.216407465341701,0.155933417216255,0.391076939531321,-2.07442894007581
-0.0457861731034553,0.9088090494904,-0.209812320923952,0.147602489187148,0.384030832578332,-2.07592509696196
-0.0576351364268403,0.900391383548059,-0.202309733715258,0.139342701595186,0.373783616190725,-2.07427444070492
-0.0678272164322287,0.891920951434011,-0.194017832725773,0.131257998579263,0.360577712075579,-2.06983624677097
-0.0761959789467748,0.883431315174753,-0.185064075051133,0.123445264167316,0.344722363472972,-2.06297806139457
-0.0826063844370089,0.87495874373408,-0.175582704924117,0.115993095998708,0.326586126083726,-2.05407093161107
-0.0869601758318475,0.866541197639065,-0.16571207543881,0.108980866988385,0.306587668235575,-2.04348463469572
-0.0891999499022273,0.858217125483678,-0.155591866449398,0.10247804771115,0.285185108986972,-2.03158302270871
-0.0893117703172689,0.850024153280354,-0.145360240581973,0.0965437563784174,0.262864175748811,-2.01871958830067
-0.0873262420555028,0.841997753267701,-0.135150990194295,0.0912265001658398,0.24012550968714,-2.00523334352761
-0.0833180309373889,0.834169979653735,-0.125090740933001,0.0865640713100141,0.217471485069312,-1.9914450854981
-0.0774038759887128,0.826568355106661,-0.115296290999741,0.08258356360263,0.195392935197806,-1.97765410269021
-0.069739203546939,0.81921498421474,-0.105872176878642,0.0793014793074948,0.174356190300318,-1.96413535521515
-0.0605135078326323,0.812125959440455,-0.0969085631917347,0.0767239026787259,0.15479083006331,-1.95113714261946
-0.049944710658042,0.805311112106122,-0.0884795538162181,0.0748467236996714,0.13707853473606,-1.93887925533916
-0.0382727510035449,0.798774146183904,-0.0806420120926196,0.0736559038565361,0.121543384201338,-1.92755159171353
-0.0257526818062991,0.792513176411512,-0.0734349601748272,0.0731277840909994,0.108443905354734,-1.91731321221672
-0.0126475657159546,0.786521674612974,-0.0668796026270768,0.0732294428797216,0.0979671067172257,-1.90829179644896
0.000778536834821046,0.780789809146509,-0.0609799894720732,0.073919119015455,0.0902246683266375,-1.90058346615643
0.0142672054777757,0.775306142562955,-0.0557243015269642,0.0751467185275553,0.0852513779322531,-1.89425293841685
0.0275716664188005,0.770059632331118,-0.0510867086978721,0.0768544277923521,0.0830058247052451,-1.88933397617525
0.0404619470511685,0.76504185962134,-0.0470297223721685,0.078977454903979,0.083373282280266,-1.8858301074596
0.052729005363254,0.760249392740799,-0.0435069380137626,0.0814449186710644,0.0861706371103864,-1.8837155887953
0.0641877162844667,0.755686176031512,-0.0404660449187385,0.0841808992930718,0.0911531490291536,-1.88293659168367
0.0746786581317201,0.751365823147824,-0.0378519677746631,0.0871056572052098,0.0980227715997002,-1.88341259290413
0.0840687056495806,0.747313686698884,-0.0356100000442703,0.0901370172550211,0.106437712636075,-1.88503794956541
0.0922504983433771,0.743568575134406,-0.0336887925739788,0.093191904812917,0.11602288139881,-1.88768363831644
0.0991409104928675,0.740183993355577,-0.0320430714024957,0.0961880091561906,0.126380848635238,-1.89119913530675
0.104678699041108,0.737228796450672,-0.0306359748403911,0.0990455380721689,0.137102938692298,-1.89541441003193
0.10882154458647,0.734787166339155,-0.0294409194999184,0.101689016723379,0.147780079113364,-1.90014200298394
0.111542726680751,0.732957848567567,-0.0284429265959881,0.104049074037443,0.158013051939264,-1.90517915495365
0.112827686395675,0.731852619883986,-0.0276393624009178,0.106064151809318,0.167421821362671,-1.91030995569829
0.112670726357943,0.731593994864144,-0.0270400695520325,0.107682065840641,0.175653652952047,-1.91530748205078
0.111072081439926,0.732312219721948,-0.026666888532614,0.10886134523388,0.18238978862199,-1.9199359006444
0.108035563000955,0.734141641123413,-0.0265525904334591,0.109572275821624,0.187350497286382,-1.92395251807513
0.103566937382908,0.737216574673097,-0.0267392628497124,0.109797577036767,0.190298382239332,-1.92710977087032
0.0976731475222617,0.741666828934321,-0.027276210502472,0.109532648642769,0.191039890888205,-1.92915715795871
0.0903624280238834,0.747613063916062,-0.0282174509558886,0.108785334819843,0.189425037821547,-1.92984312794885
0.0816453021174534,0.755162176046355,-0.0296189033924401,0.107575168103811,0.185345415218539,-1.92891694078176
0.0715363871623567,0.764402903754177,-0.0315353842039662,0.105932074319516,0.178730622721958,-1.92613052673378
0.0600568771519962,0.775401838724509,-0.0340175362400631,0.103894541407281,0.169543300717148,-1.92124036421172
0.0472375193017938,0.788200008268839,-0.0371088276251564,0.101507279129902,0.157772996275441,-1.91400939079505
0.0331218602517143,0.802810165334111,-0.0408427595932902,0.0988184220607718,0.143429130463783,-1.90420894972591
0.0177695081193404,0.819214886273523,-0.0452404196147536,0.0958763537896653,0.126533370108137,-1.89162075741019
0.00125914173614659,0.837365534984558,-0.0503085054117176,0.0927262545868988,0.107111736635463,-1.87603885796289
-0.0163090007375022,0.857182108093036,-0.0560379271135988,0.0894064963679595,0.0851868084613313,-1.85727151037213
-0.0348114044018362,0.878553932589432,-0.0624030694161634,0.0859450261930033,0.0607703896875119,-1.83514293477067
-0.0541005487134415,0.901341147784068,-0.0693617641399422,0.0823558913216258,0.0338570243568973,-1.80949482905684
-0.0740053362666158,0.925376870369461,-0.07685598765565,0.0786360639277156,0.0044187300863971,-1.78018755807066
-0.0943327876928903,0.950469917005236,-0.0848132592584735,0.0747627213501956,-0.0275986942322915,-1.7471009166491
-0.114871040729325,0.976407944578271,-0.0931486781835124,0.0706911281779887,-0.0622774663947776,-1.71013437634013
-0.135393615451905,1.00296086475129,-0.101767501198798,0.0663532500788292,-0.0997274552750525,-1.66920674360926
-0.155664830705719,1.02988439646711,-0.110568131924728,0.061657207115555,-0.140083450784389,-1.62425518428608
-0.175446183771293,1.05692363666619,-0.119445369404285,0.0564876477595168,-0.183499953918828,-1.5752336031812
-0.194503441091694,1.08381655377137,-0.128293748359053,0.0507070955464152,-0.230143472164686,-1.52211040698471
-0.212614136611259,1.11029733801669,-0.137010797577347,0.0441582900104525,-0.280182418618994,-1.46486572002098
-0.229575139320403,1.13609957452316,-0.145500045912301,0.0366675137047158,-0.333774834335234,-1.40348816327082
-0.245209935254148,1.16095923614676,-0.153673616806705,0.0280488689295428,-0.391054277369735,-1.33797134447391
-0.259375272118556,1.18461752064664,-0.16145427147599,0.0181094418612099,-0.452114342734772,-1.26831023869293
-0.271966836224671,1.20682357803586,-0.168776787110607,0.00665526809059253,-0.516992388288405,-1.1944976626986
-0.282923669714319,1.22733718720978,-0.175588588849424,-0.00650200844605519,-0.585653135514278,-1.11652106186842
-0.29223108865939,1.24593144512121,-0.181849591879701,-0.0215379125600686,-0.657972884451812,-1.03435983455036
-0.299921926680699,1.26239552665323,-0.187531251490067,-0.0386075023208778,-0.733725123126872,-0.947983415997569
-0.306076000872886,1.27653755951346,-0.192614862901168,-0.0578374960447224,-0.812568319679836,-0.857350332196454
-0.310817773265167,1.28818763720918,-0.197089197824617,-0.0793183628572553,-0.894036657549015,-0.762408413361125
-0.314312257837588,1.29720096625264,-0.200947608828873,-0.103096606285175,-0.97753440934984,-0.663096327609122
-0.316759296806485,1.3034611133254,-0.204184773274693,-0.129167500020315,-1.06233454353515,-0.559346557230299
-0.318386397912793,1.3068832863724,-0.206793282944674,-0.157468563934385,-1.14758202132073,-0.451089892629616
-0.319440384652977,1.30741755271599,-0.208760310199849,-0.187874093458651,-1.23230207373218,-0.338261461946183
-0.320178161854478,1.30505186950912,-0.210064593410778,-0.220191072521332,-1.31541355620486,-0.220808247178279
-0.320856937935819,1.29981477929163,-0.210673980866307,-0.254156804676065,-1.39574726878967,-0.0986979606753474
-0.321724271036237,1.2917776079659,-0.21054375167977,-0.28943858399008,-1.47206891246674,0.0280709294808662
-0.323008317928726,1.28105599569014,-0.209615894051454,-0.325635692199251,-1.54310613578233,0.159458327497392
-0.32490866174986,1.26781059403197,-0.207819466667213,-0.362283948103573,-1.60757892100033,0.295371185353674
-0.327588076708409,1.25224677570357,-0.205072100782484,-0.398862947398118,-1.66423237558631,0.435652206382573
-0.331165554974696,1.23461322619535,-0.201282623427097,-0.434806016677858,-1.71187084337927,0.580069131426315
-0.335710873439679,1.2151993190309,-0.196354702246577,-0.469512767635094,-1.74939213964913,0.728305214765137
-0.341240917509133,1.19433121713748,-0.190191336556955,-0.502363982999609,-1.77582065328117,0.879951520210723
-0.34771790825145,1.1723666904518,-0.182699954174243,-0.532738404106223,-1.7903380534318,1.03450165408282
-0.35504960173773,1.14968869252349,-0.173797825486109,-0.560030833227063,-1.79231039053934,1.19134949608511
-0.363091449657401,1.12669779451042,-0.163417479366839,-0.5836708257696,-1.78131049292826,1.34979038939047
-0.371650632773367,1.10380363138408,-0.151511801956219,-0.603141142323864,-1.757134727402,1.50902610949572
-0.380491807759263,1.08141556997692,-0.138058518837324,-0.617995071449331,-1.71981340865986,1.66817375384167
-0.389344347011626,1.05993285899036,-0.123063801612806,-0.627871731451832,-1.66961439827441,1.82627849113822
-0.397910802565073,1.03973456433005,-0.106564797406895,-0.632508519494379,-1.60703971668115,1.98232989445132
-0.405876290380759,1.02116962624695,-0.0886309492474255,-0.631750000179531,-1.53281528641087,2.13528137117475
-0.412918469580876,1.00454739505231,-0.0693640506121732,-0.625552708205195,-1.44787421564016,2.28407201232214
-0.41871778129805,0.990129007188095,-0.0488970525122953,-0.613985569767421,-1.35333430175082,2.42765002822833
-0.422967611761348,0.978119951280948,-0.0273917108190123,-0.597225908624013,-1.25047066942257,2.56499682998649
-0.425384052000336,0.968664143334797,-0.00503522055146559,-0.575551274704888,-1.14068464312553,2.69515076392972
-0.425714940664958,0.961839781195606,0.0179639707994758,-0.549327593324876,-1.0254700789513,2.81722951347132
-0.423747896204841,0.957657181925901,0.0413809490572838,-0.518994359082999,-0.906378438707324,2.93045024695665
-0.419317070290866,0.956058724188966,0.0649794828298496,-0.48504777062219,-0.784983877964722,3.03414670566571
-0.412308387034537,0.956920925131883,0.0885173035692961,-0.448022805474092,-0.662849542163654,3.12778258304549
-0.402663073918905,0.960058582952604,0.111751300106718,-0.408475259520935,-0.541496128580787,3.21096073276174
-0.390379341739555,0.965230818760946,0.134442440852105,-0.366964721891516,-0.422373588739582,3.28342794652115
-0.375512132783867,0.97214876141973,0.156360275317107,-0.32403932973805,-0.30683663065562,3.34507525045357
-0.358170928272978,0.980484543417249,0.177286910441398,-0.280222961673982,-0.196124449980768,3.39593386999398
-0.338515685581919,0.989881220284807,0.19702040224767,-0.236005302563639,-0.091344890737457,3.43616719820915
-0.316751059267167,0.999963194997633,0.215377545474031,-0.19183496809284,0.00653697440532914,3.46605926374627
-0.293119142226568,1.01034672438315,0.232196079656234,-0.148115638200588,0.0967060346855992,3.48600032605952
-0.267891038059066,1.02065010662917,0.247336357326603,-0.105204935327363,0.178500434023314,3.49647032267272
-0.241357636636157,1.03050319507582,0.26068253695631,-0.0634156137664361,0.251411394694641,3.49802095251878
-0.213820006860715,1.03955594896624,0.272143369577163,-0.0230185116540779,0.315080054246416,3.49125719862225
-0.185579839987499,1.04748581041968,0.281652644739149,0.0157533378729915,0.369291812180973,3.476819071765
-0.156930371638434,1.05400378148498,0.289169350536874,0.0527000368969745,0.413968664928618,3.45536429525687
-0.12814818062939,1.05885915851562,0.294677586611571,0.0876501415911622,0.449159966544703,3.42755255266251
-0.0994862099423515,1.06184295666933,0.298186251183082,0.120456425261952,0.475031998119519,3.39403179078075
-0.0711682833105625,1.062790119735,0.299728505753326,0.150992424978077,0.491856670201095,3.35542691720555
-0.0433853051334637,1.06158065587478,0.299361006537944,0.179149985198037,0.499999627199068,3.31233106533635
-0.0162932378591013,1.05813986623671,0.297162881866745,0.204837888851347,0.499907976238299,3.26529943105404
0.00998714435511045,1.05243784065701,0.293234430917858,0.22798155662621,0.492097828351147,3.2148455261732
0.0353688181711371,1.04448838434996,0.287695521599801,0.248523705520158,0.477141818066409,3.16143955531382
0.0597955643139198,1.03434751446376,0.280683673641721,0.26642579122778,0.455656757292805,3.10550851440442
0.0832377547407021,1.02211162960093,0.272351825810338,0.281670015744044,0.428291578384485,3.04743753747536
0.10568716945837,1.0079154133646,0.262865802188628,0.29426165939339,0.395715726037299,2.98757198743755
0.127151173690689,0.99192948928241,0.252401509648687,0.304231491728245,0.358608164488959,2.92621979651793
0.147646603235729,0.974357803386976,0.241141914790296,0.311638024275316,0.317647171786837,2.86365361004186
0.167193705820591,0.955434676148563,0.22927386167896,0.316569386092776,0.27350109348529,2.80011236760609
0.185810470539808,0.935421440770395,0.216984800342448,0.319144627450589,0.226820221519399,2.73580206051153
0.203507647971129,0.914602572756184,0.204459499930903,0.319514285609936,0.178229948469687,2.6708955243939
0.22028472258144,0.89328121778151,0.191876819868747,0.31786007860127,0.128325322146146,2.60553125154467
0.236127049019401,0.871774041575121,0.179406607727394,0.314393627743246,0.0776670904018392,2.5398113289408
0.251004307203162,0.850405355786626,0.167206784735499,0.309354147401142,0.0267792821577757,2.47379871693894
0.264870370123818,0.829500515641662,0.155420669942708,0.303005081117816,-0.0238516806757274,2.40751417285834
0.277664614983819,0.809378635710778,0.144174583589812,0.295629706432804,-0.0737764021563041,2.34093318805287
0.289314644717431,0.790344725874524,0.133575760419659,0.287525775637332,-0.122580582781154,2.27398334335781
0.299740325133073,0.772681406674169,0.1237105956571,0.278999305073654,-0.169881920166141,2.20654249489544
0.30885898465867,0.756640417902749,0.114643240931389,0.270357669577412,-0.215326072394446,2.13843818098072
0.31659157100079,0.742434182977652,0.106414565054716,0.261902199190609,-0.25858196239517,2.06944859389368
0.322869513905881,0.730227731372737,0.0990414957898599,0.253920510214899,-0.299336736290501,1.99930539158617
0.327642007610015,0.720131309856244,0.0925167633748711,0.246678830107577,-0.337290708865792,1.92769853896752
0.330883402371688,0.712194028662264,0.0868090737984222,0.240414594059125,-0.372152632812976,1.85428327180307
0.332600382861132,0.706398889901064,0.0818637478229812,0.235329599118842,-0.403635613787959,1.77868917409398
0.332838612243407,0.702659532015093,0.0776038686522194,0.231583998638547,-0.431453960422071,1.70053125745213
0.331688533588074,0.700818996057633,0.0739319851713645,0.229291405183291,-0.455321208377632,1.61942283324484
0.329290042976247,0.700650777500577,0.0707324171577332,0.228515343872599,-0.47494949289072,1.5349898791837
0.325835779109241,0.701862371620769,0.0678742023847308,0.229267260607933,-0.490050368862068,1.44688652469311
0.321572809647705,0.704101451744249,0.0652147119371846,0.23150624124311,-0.500337096425697,1.35481121599333
0.316802532127232,0.706964738117702,0.0626039386908251,0.23514053908247,-0.505528328803195,1.25852307368982
0.311878644624619,0.710009521512102,0.0598894348903986,0.240030940044928,-0.50535306418171,1.1578579234068
0.30720307651027,0.712767700814825,0.0569218391040505,0.245995918748252,-0.499556660112106,1.05274346378741
0.303219801735361,0.714762079348496,0.0535608922891456,0.252818456667563,-0.48790766238248,0.94321303590199
0.300406486625237,0.71552454301425,0.0496817995750467,0.260254308316635,-0.470205173874585,0.829417473552408
0.299263952965514,0.714615618398308,0.0451817515573254,0.268041417058803,-0.44628648398953,0.711634544940985
0.300303468686284,0.711644786009929,0.0399863792190576,0.275910103734731,-0.41603469497707,0.590275542464308
0.304031917410027,0.706290809598701,0.0340558825341467,0.283593584803181,-0.3793861146811,0.465888638631702
0.310934949956693,0.698321245271708,0.0273905465838218,0.290838328711247,-0.336337230373159,0.339158701579528
0.321458290933904,0.687610223250257,0.0200353419437583,0.297413736304887,-0.286951128292295,0.210903352044443
0.33598746607237,0.674153560336161,0.0120832988900152,0.303120639024145,-0.231363270024435,0.0820651428906882
0.354826333104146,0.658080272008651,0.00367734789553669,0.307798151466652,-0.169786571669473,-0.0463001505463549
0.378174939406088,0.63965961777659,-0.00498966773610481,0.311328494137884,-0.102515747635963,-0.173039029560493
0.406107388065869,0.619302937686036,-0.0136770765315498,0.313639516012963,-0.029930872836456,-0.296919349123351
0.438550560815864,0.597559723757948,-0.0221007923719428,0.314704789330088,0.0474999167789746,-0.416652653347781
0.475264707350779,0.575107614943424,-0.029940234267611,0.314541311477386,0.12921872286246,-0.530919348961969
0.51582704845017,0.552736299585341,-0.036847855064873,0.313205018291892,0.214577394586976,-0.638396205160502
0.559619635529678,0.531325640953595,-0.0424612819589868,0.31078447462156,0.302838543080781,-0.737785587863348
0.605822741944054,0.511818689054423,-0.0464179427709751,0.307393245784342,0.393178427331124,-0.827845767079309
0.653415013864239,0.495190580692602,-0.0483718920062429,0.303161552619987,0.484692128907689,-0.907421577089731
0.70118146727589,0.482414631780353,-0.0480123618683659,0.298227860901201,0.576401443990566,-0.975474659829075
0.747730175748825,0.474427162399549,-0.0450833535216945,0.292731045107192,0.667265879347462,-1.03111248219018
0.791518152737156,0.472092739452864,-0.0394033676089603,0.286803694900467,0.756197034975436,-1.07361528962968
0.83088650334599,0.476171552627317,-0.0308841716217601,0.280567004574587,0.842076487728316,-1.1024601450266
0.864104424726687,0.487290544292155,-0.0195473420302122,0.274127512354831,0.923777063276282,-1.11734120889844
0.889421101228243,0.505919691785864,-0.00553723003872388,0.267575754690571,1.00018711290349,-1.11818545180807
0.905124006771103,0.532354503259539,0.0108709911098221,0.260986691835385,1.07023711988039,-1.1051630592484
0.909601633298166,0.566705361020877,0.0292694105598546,0.25442156840906,1.13292767678349,-1.0786918991613
0.901408251287194,0.608893866260268,0.0491225504228879,0.247930718991873,1.18735763287256,-1.03943557513238
0.879328012809448,0.658655851809115,0.069780191932446,0.241556733375926,1.23275104159394,-0.988294782413275
0.842435557869022,0.715550284673931,0.0904979356218446,0.235337372061554,1.26848146950888,-0.926391912434533
0.790150297576364,0.77897292495091,0.110465013321599,0.229307674964568,1.29409227698038,-0.855049102822513
0.722281725937409,0.848173381568222,0.128838288309368,0.223500830894917,1.30931165240781,-0.775760189032693
0.639063443422169,0.922274133946325,0.144780833947163,0.217947558882876,1.3140614658763,-0.690157263827941
0.541174033957507,1.00029018019894,0.157503027041109,0.212673973845646,1.30845938127049,-0.59997277579786
0.42974348600691,1.08114821541842,0.166303778912139,0.207698142085113,1.29281409356519,-0.506998284356542
0.306344445743252,1.16370460753331,0.170609389617013,0.203025748208696,1.26761399860577,-0.413041126662932
0.172968193721604,1.2467618768977,0.170007565275897,0.198645467078737,1.23351001306253,-0.3198803368852
0.0319858087716981,1.32908384268508,0.164274381562139,0.194524739732591,1.19129360306191,-0.229223189815858
-0.113904504071968,1.4094100142893,0.153392385756177,0.190606675627283,1.14187132033662,-0.142663722080947
-0.261742507863309,1.48647012306403,0.137558567754172,0.18680873896949,1.08623726525508,-0.0616445200692299
-0.408381682064136,1.55899986383918,0.117181549803815,0.18302372817107,1.02544489100291,0.0125770402614818
-0.550573581620476,1.62575891827875,0.092867994699676,0.179123338142529,0.960579440842135,0.0789570553765202
-0.685058557714283,1.68555215510193,0.0653988642464746,0.174964327056395,0.892732092116182,0.1366869811888
-0.808660439976968,1.73725455867884,0.0356967322403831,0.170397020369219,0.822976597752807,0.185208464970052
-0.918382667440911,1.77983996053485,0.00478583660560828,0.165275606533678,0.752348905146758,0.224220661628577
-1.01150326760248,1.81241308686535,-0.0262530781893497,0.159469442155178,0.681829930711778,0.253679811144047
-1.08566600965716,1.83424384859153,-0.056330837083705,0.152874417041019,0.612331409250527,0.273791101855894
-1.13896499433897,1.84480225160382,-0.0843984272081776,0.145423352632834,0.544684545965951,0.284993093979409
-1.17001988933091,1.84379185309241,-0.109493722311996,0.137094432369702,0.47963109033589,0.287935219305927
-1.17803898254073,1.83117938509522,-0.130784087594542,0.127916790308817,0.417816428323899,0.283449096848523
-1.16286721902248,1.8072180437245,-0.147602851671769,0.117972604173592,0.359784344058445,0.272514602244008
-1.12501643119541,1.77246201928419,-0.159477956954229,0.107395329863082,0.305973215850911,0.256221796078741
-1.06567509295886,1.72777011698587,-0.166151489453437,0.0963640472398525,0.256713558881835,0.235729951736923
-0.986695157686468,1.67429677044347,-0.167589219082951,0.0850942280369223,0.212226979434815,0.212225029063777
-0.890553911662679,1.61346934556988,-0.163979725230748,0.0738255518549768,0.172626735316065,0.186877020354547
-0.51972817235347,1.40895689733985,-0.112592583818674,0.0628076550639935,0.137920180711014,0.160798654106154
-0.20063834105427,1.23634410396283,-0.0642045524948759,0.0574285708802392,0.12176736104191,0.147713186701547
